rank,freq,Nominativ,Genus,"Nominativ Singular","Nominativ Plural","Genitiv Singular","Genitiv Plural","Dativ Singular","Dativ Plural","Akkusativ Singular","Akkusativ Plural",Bild,"Bild 1","Bild 2","Bild 3","Bild 4"
63,193569,Nichts,n,Nichts,"",Nichts,"",Nichts,"",Nichts,"","","","","",""
69,181538,Denken,n,Denken,"",Denkens,"",Denken,"",Denken,"","","","","",""
87,141770,Mann,m,Mann,"Männer",Mannes,"Männer",Mann,"Männern",Mann,"Männer","Pioneer plaque line-drawing of a human male.svg|180px|1|''Mann''","","","",""
108,114064,Weg,m,Weg,Wege,Wegs,Wege,Weg,Wegen,Weg,Wege,"N2 Path.jpg|210px|1|gewundener ''Weg''","","","",""
113,101264,Zeit,f,Zeit,Zeiten,Zeit,Zeiten,Zeit,Zeiten,Zeit,Zeiten,"Tidens naturlære fig11.png|mini|1|ein Stundenglas, Symbol verrinnender ''Zeit''","","","",""
122,93136,Frau,f,Frau,Frauen,Frau,Frauen,Frau,Frauen,Frau,Frauen,"Woman.svg|mini|1|Schematische Darstellung einer ''Frau''","","","",""
138,80393,Hallo,n,Hallo,Hallos,Hallos,Hallos,Hallo,Hallos,Hallo,Hallos,"","","","",""
145,71313,Vater,m,Vater,"Väter",Vaters,"Väter",Vater,"Vätern",Vater,"Väter","","","","",""
154,67125,Tag,m,Tag,Tage,Tages,Tage,Tag,Tagen,Tag,Tage,"Apollo 13 - Earth during journey home.jpg|thumb|1|''Tag'' und Nacht auf der Erde","","","",""
154,67125,Tag,n,Tag,Tags,Tags,Tags,Tag,Tags,Tag,Tags,"Tag in Malmö.jpg|mini|4|ein ''Tag'' an einer Mauer in Malmö","","","",""
164,59618,Mutter,f,Mutter,"Mütter",Mutter,"Mütter",Mutter,"Müttern",Mutter,"Mütter","William-Adolphe Bouguereau (1825-1905) - Rest (1879).jpg|mini|1|''Mutter'' mit Kindern: Le Repos, von William Adolphe Bouguereau (1879)","","","",""
164,59618,Mutter,f,Mutter,Muttern,Mutter,Muttern,Mutter,Muttern,Mutter,Muttern,"Hex nut.JPG|200px|1|''Mutter''","","","",""
164,59618,Mutter,0,Mutter,"",Mutters,"",Muttern,"",Muttern,"","","","","",""
216,44446,Haus,n,Haus,"Häuser",Hauses,"Häuser",Haus,"Häusern",Haus,"Häuser","","Leamouth riverside building 1.jpg|mini|1|ein ''Haus'' im [[modern]]en [[Baustil]]","Schiller Weimar.jpg|mini|1, 2|[[w:Schillers Wohnhaus|Schiller-''Haus'']] in [[Weimar]]","Auenstein-fachwerk2.jpg|mini|2|ein ''Haus'' in [[Fachwerk]]bauweise","Wiki pogodinskaya izba moscow.jpg|mini|2|[[traditionell]]es, [[hölzern]]es [[russisch]]es ''Haus''"
221,43625,Musik,f,Musik,Musiken,Musik,Musiken,Musik,Musiken,Musik,Musiken,"Do Make Say Think.jpg|mini|3|''Musik''","","","",""
260,34293,Familie,f,Familie,Familien,Familie,Familien,Familie,Familien,Familie,Familien,"Samoa Familie.JPG|mini|1|''Familie'' aus [[Samoa]]","","","",""
273,33245,Hilfe,f,Hilfe,Hilfen,Hilfe,Hilfen,Hilfe,Hilfen,Hilfe,Hilfen,"","","","",""
275,33079,Kind,n,Kind,Kinder,Kindes,Kinder,Kind,Kindern,Kind,Kinder,"Iraqi girls living next to Daurra Oil Refinery in Iraq.jpg|mini|1|''Kinder''","","","",""
287,31831,Kriegen,n,Kriegen,"",Kriegen,"",Kriegen,"",Kriegen,"","","","","",""
297,29590,Stadt,f,Stadt,"Städte",Stadt,"Städte",Stadt,"Städten",Stadt,"Städte","Osaka city view 02.jpg|mini|1|eine ''Stadt''","","","",""
312,28149,Uhr,f,Uhr,Uhren,Uhr,Uhren,Uhr,Uhren,Uhr,Uhren,"","Pocket watch with chain.jpg|thumb|1|eine ''Uhr,'' genauer eine [[Taschenuhr]]","Citizen wristwatch.jpg|thumb|1|eine [[schön]]e ''Uhr'' für das [[Handgelenk]]","Big.ben.closeup.london.arp.jpg|thumb|1|eine ''Uhr,'' [[Big Ben]]",""
316,27935,Baby,n,Baby,Babys,Babys,Babys,Baby,Babys,Baby,Babys,"Baby Franka.jpg|mini|1|[[schlafend]]es ''Baby''","","","",""
342,26062,Auto,n,Auto,Autos,Autos,Autos,Auto,Autos,Auto,Autos,"Auto.gif|mini|1|verschiedene ''Autos'' aus den unterschiedlichsten Epochen","","","",""
342,26062,Auto,n,Auto,Autos,Autos,Autos,Auto,Autos,Auto,Autos,"","","","",""
349,25077,August,m,August,Auguste,Augusts,Auguste,August,Augusten,August,Auguste,"","","","",""
375,23136,Hand,f,Hand,"Hände",Hand,"Hände",Hand,"Händen",Hand,"Hände","","Doris_Ulmann_-_Laborers_hands.jpg|mini|1|die ''Hände'' eines [[alt]]en [[Arbeiter]]s","","",""
377,23112,Schau,f,Schau,Schauen,Schau,Schauen,Schau,Schauen,Schau,Schauen,"Buga07 LZB.JPG|250px|1|Bundesgartenschau","","","",""
388,22128,Jahr,n,Jahr,Jahre,Jahres,Jahre,Jahr,Jahren,Jahr,Jahre,"","","","",""
390,22015,Wasser,n,Wasser,Wasser,Wassers,Wasser,Wasser,Wassern,Wasser,Wasser,"","2006-02-13 Drop-impact.jpg|mini|1|[[Einschlag]] eines ''Wasser''[[Tropfen|tropfens]] in einem [[Glas]]","Handful of Water - Kolkata 2011-03-16 2004.jpg|mini|1|eine [[Handvoll]] ''Wasser''","Glacial iceberg in Argentina.jpg|mini|1|''Wasser'' in zwei [[Aggregatzuständen]]: fest (Eisberg) und flüssig (Meer)",""
409,20995,Land,n,Land,"Länder",Lands,"Länder",Land,"Ländern",Land,"Länder","","","","",""
426,19952,Ort,m,Ort,Orte,Orts,Orte,Ort,Orten,Ort,Orte,"","Cottage_at_Cox%27s_Water_-_geograph.org.uk_-_379997.jpg|mini|2|Der ''Ort'' Cottage in Dorset, Südengland","Dachgauben Dachkanten de Text.png|mini|5|''Ort'' als Kurzform von „Ortgang“ an Dachgiebeln","Early shoemaking shop, Maine State Museum IMG 2020.JPG|mini|7|An der Wand hängende ''Orte'' in einer nordamerikanischen Schuhmacherwerkstatt",""
426,19952,Ort,n,Ort,"Örter",Orts,"Örter",Ort,"Örtern",Ort,"Örter","Freiberg Häuer vor Ort 1900.jpg|210px|1|Arbeit der Häuer vor ''Ort'' im sächsischen Erzbergbau bei Freiberg um 1900","","","",""
431,19837,Seite,f,Seite,Seiten,Seite,Seiten,Seite,Seiten,Seite,Seiten,"","","","",""
432,19748,Krieg,m,Krieg,Kriege,Krieges,Kriege,Krieg,Kriegen,Krieg,Kriege,"","EasternFrontWWIIcolage2.png|mini|1|[[verschieden]]e [[Ausschnitte]] vom ''Krieg''","A-1E drops white phosphorus bomb 1966.jpg|mini|1|[[massiv]]e [[Zerstörung]] im ''Krieg'' durch [[Bombe]]n","Einsatzgruppen murder Jews in Ivanhorod, Ukraine, 1942.jpg|mini|1|im ''Krieg'' begangene [[Verbrechen]]","El Alamein 1942 - British infantry.jpg|mini|1|[[Soldat]]en bei einer [[Schlacht]] im ''Krieg''"
435,19602,Woche,f,Woche,Wochen,Woche,Wochen,Woche,Wochen,Woche,Wochen,"","","","",""
443,19218,Schatz,m,Schatz,"Schätze",Schatzes,"Schätze",Schatz,"Schätzen",Schatz,"Schätze","Claude Vignon and Workshop - Croesus showing Solon his treasures.jpg|mini|2|[[Krösus]] zeigt seinen ''Schatz''","","","",""
448,19020,"Spaß",m,"Spaß","Späße","Spaßes","Späße","Spaß","Späßen","Spaß","Späße","","","","",""
451,18800,Wiedersehen,n,Wiedersehen,Wiedersehen,Wiedersehens,Wiedersehen,Wiedersehen,Wiedersehen,Wiedersehen,Wiedersehen,"","","","",""
458,18232,Bett,n,Bett,Betten,Betts,Betten,Bett,Betten,Bett,Betten,"Les dorlotines.JPG|mini|2|großes ''Bett'' in einem Hotel","","","",""
463,18163,Wort,n,Wort,"Wörter",Worts,"Wörter",Wort,"Wörtern",Wort,"Wörter","","","","",""
463,18163,Wort,n,Wort,Worte,Worts,Worte,Wort,Worten,Wort,Worte,"","","","",""
468,17990,Arm,m,Arm,Arme,Arms,Arme,Arm,Armen,Arm,Arme,"Arm.agr.jpg|thumb|1|''Arm'' eines Menschen","","","",""
470,17915,Mensch,m,Mensch,Menschen,Menschen,Menschen,Menschen,Menschen,Menschen,Menschen,"PPlaquecloseup.svg|mini|1|''Mensch'' (links: [[Mann]]; rechts: [[Frau]])","","","",""
470,17915,Mensch,n,Mensch,Menscher,Menschs,Menscher,Mensch,Menschern,Mensch,Menscher,"","","","",""
487,17101,Blut,n,Blut,Blute,Bluts,Blute,Blut,Bluten,Blut,Blute,"Bleeding finger.jpg|210px|1|''Blut'' am Finger","","","",""
505,16182,Eltern,0,"",Eltern,"",Eltern,"",Eltern,"",Eltern,"Andrea Faria, Conrado e filha.jpg|220px|1|''Eltern'' mit ihrer Tochter","","","",""
554,14109,Hund,m,Hund,Hunde,Hunds,Hunde,Hund,Hunden,Hund,Hunde,"Dog retrieving stick.jpg|mini|1|ein ''Hund''","","","",""
563,13645,Feuer,n,Feuer,Feuer,Feuers,Feuer,Feuer,Feuern,Feuer,Feuer,"Midsummer bonfire closeup.jpg|mini|1, 3|''Feuer'' in einem dadurch untergehenden Wald","","","",""
589,12707,Luft,f,Luft,"Lüfte",Luft,"Lüfte",Luft,"Lüften",Luft,"Lüfte","Element_Luft.png|250px|1|Symbol des Elements ''Luft''","","","",""
603,12186,Kaffee,m,Kaffee,Kaffees,Kaffees,Kaffees,Kaffee,Kaffees,Kaffee,Kaffees,"","A small cup of coffee.JPG|mini|1|eine [[Tasse]] ''Kaffee''","Roasted coffee beans.jpg|mini|4|geröstete [[Bohne]]n des ''Kaffees''","",""
603,12186,Kaffee,n,Kaffee,Kaffees,Kaffees,Kaffees,Kaffee,Kaffees,Kaffee,Kaffees,"St-germain_district_caf%C3%A9_de_flore.jpg|mini|1|ein Pariser ''Kaffee''","","","",""
608,12050,Erde,f,Erde,Erden,Erde,Erden,Erde,Erden,Erde,Erden,"","Champs à Toussus-le-Noble en 2013 - 2.jpg|mini|2|''Erde'' auf einem [[Acker]]","The_Earth_seen_from_Apollo_17.jpg|mini|3|Planet ''Erde''","",""
613,11909,Buch,n,Buch,"Bücher",Buchs,"Bücher",Buch,"Büchern",Buch,"Bücher","","Pieni2.jpg|mini|1, 2|ein ''Buch''","Bamboo book - closed - UCR.jpg|mini|1, 2|[[chinesisch|Chinesisch]]es [[Bambus]]''buch''","bookselling outdoors.jpg|mini|1, 2|[[stöbern|Stöbern]] in und [[Verkauf]] von [[gebraucht]]en ''Büchern'' an der [[Themse]]",""
627,11687,Himmel,m,Himmel,Himmel,Himmels,Himmel,Himmel,Himmeln,Himmel,Himmel,"","Sky with puffy clouds.JPG|mini|1|Blauer ''Himmel'' mit einigen Wolken","Dachhimmel.JPG|mini|5|''Himmel'' mit Sternenoptik in einem Auto","",""
644,11394,Licht,n,Licht,Lichter,Lichts,Lichter,Licht,Lichtern,Licht,Lichter,"","","","",""
687,10532,Krankenhaus,n,Krankenhaus,"Krankenhäuser",Krankenhauses,"Krankenhäuser",Krankenhaus,"Krankenhäusern",Krankenhaus,"Krankenhäuser","","Augsburg Josefium 26 April 2003.jpg|mini|1|''Krankenhaus'' in Augsburg, Deutschland","ISO 7010 E003 - First aid sign.svg|mini|1|Hinweis auf ''Krankenhaus''","",""
688,10528,Wohnung,f,Wohnung,Wohnungen,Wohnung,Wohnungen,Wohnung,Wohnungen,Wohnung,Wohnungen,"Grundriss Plattenbau P2.JPG|mini|1|Grundriss einer ''Wohnung''","","","",""
773,9188,Kampf,m,Kampf,"Kämpfe",Kampfs,"Kämpfe",Kampf,"Kämpfen",Kampf,"Kämpfe","The Pharaoh Tutankhamun destroying his enemies.jpg|mini|1|Tutanchamun im ''Kampf'' gegen die Asiaten","","","",""
794,8870,Tisch,m,Tisch,Tische,Tischs,Tische,Tisch,Tischen,Tisch,Tische,"Table.png|mini|1|ein ''Tisch''","","","",""
802,8759,Auge,n,Auge,Augen,Auges,Augen,Auge,Augen,Auge,Augen,"","Menschliches auge.jpg|220px|1|menschliches ''Auge''","Dice 2005.jpg|180px|3|fünf ''Augen'' auf einem Würfel","",""
814,8581,Handy,n,Handy,Handys,Handys,Handys,Handy,Handys,Handy,Handys,"Mobile_Phone_Evolution_1992_-_2014.jpg|mini|1|Entwicklung des ''Handys'' von 1992 bis 2014","","","",""
886,7750,Raum,m,Raum,"Räume",Raums,"Räume",Raum,"Räumen",Raum,"Räume","","","","",""
891,7697,Monat,mn,Monat,Monate,"",Monate,Monat,Monaten,Monat,Monate,"","","","",""
921,7424,Beispiel,n,Beispiel,Beispiele,Beispieles,Beispiele,Beispiel,Beispielen,Beispiel,Beispiele,"","","","",""
940,7287,Boot,n,Boot,Boote,Boots,Boote,Boot,Booten,Boot,Boote,"Fishing_boat_ORL-3_Gdynia_Poland_2003_ubt.JPG|mini|1|das ''Boot'' eines Fischers","","","",""
940,7287,Boot,m,Boot,Boots,Boots,Boots,Boot,Boots,Boot,Boots,"","Derbyboot GRENSON Huntingdon.JPG|mini|1|zwei verschiedene Derby''boots''","Engineer boot.jpg|mini|1|ein rechter Engineer''boot''","",""
971,7003,Gold,n,Gold,"",Golds,"",Gold,"",Gold,"","Native_gold_nuggets.jpg|mini|1|''Gold''-Nuggets","","","",""
975,6937,Computer,m,Computer,Computer,Computers,Computer,Computer,Computern,Computer,Computer,"EC1835_C_cut.jpg|mini|1|[[Desktop-Computer|Desktop-''Computer'']] mit Bildschirm und Tastatur","","","",""
986,6857,Pferd,n,Pferd,Pferde,Pferds,Pferde,Pferd,Pferden,Pferd,Pferde,"","Pernod_Al_Ariba_0046b.jpg|210px|1|Arabisches Vollblut, ''Pernod Al Ariba ox''","Chess knight 0965.jpg|210px|3|das ''Pferd'' als Spielfigur im Schachspiel","Gymnastics brokenchopstick.jpg|210px|4|Turner am Pauschen''pferd''",""
990,6830,Frieden,m,Frieden,Frieden,Friedens,Frieden,Frieden,Frieden,Frieden,Frieden,"Peace symbol.svg|mini|1, 3, 4|Das typische Zeichen des ''Friedens''","","","",""
1037,6451,Wein,m,Wein,Weine,Weins,Weine,Wein,Weinen,Wein,Weine,"","Grape-vine.JPG|mini|1|rote [[Weinrebe|''Wein''rebe]]","Wine grapes03.jpg|mini|2|blaue [[Weintraube|''Wein''trauben]]","Port wine.jpg|mini|3|Wein im ''Wein''glas",""
1044,6414,Nase,f,Nase,Nasen,Nase,Nasen,Nase,Nasen,Nase,Nasen,"Human-nose.jpg|mini|1|eine menschliche ''Nase''","","","",""
1046,6406,Bank,f,Bank,"Bänke",Bank,"Bänke",Bank,"Bänken",Bank,"Bänke","Sphinx bench by Cleopatra's Needle London.jpg|mini|1|eine ''Bank'' in London","","","",""
1046,6406,Bank,f,Bank,Banken,Bank,Banken,Bank,Banken,Bank,Banken,"","","","",""
1053,6349,Flugzeug,n,Flugzeug,Flugzeuge,Flugzeuges,Flugzeuge,Flugzeug,Flugzeugen,Flugzeug,Flugzeuge,"Air_Berlin_Airbus_A320-200_EC-KBQ_DUS.jpg|mini|1|Ein ''Flugzeug'' (Airbus A320)","","","",""
1104,6019,Zeichen,n,Zeichen,Zeichen,Zeichens,Zeichen,Zeichen,Zeichen,Zeichen,Zeichen,"","","","",""
1109,5991,Tee,m,Tee,Tees,Tees,Tees,Tee,Tees,Tee,Tees,"","Milk clouds in tea.jpeg|mini|1|eine Tasse ''Tee'' mit Milch","Camellia sinensis 01.jpg|mini|3|Blüte des ''Tees''","",""
1109,5991,Tee,n,Tee,Tees,Tees,Tees,Tee,Tees,Tee,Tees,"Tee.jpg|mini|1|drei unterschiedliche ''Tees''","","","",""
1144,5854,Wald,m,Wald,"Wälder",Waldes,"Wälder",Wald,"Wäldern",Wald,"Wälder","","Spiazzi343.jpg|thumb|1|Ein ''Wald'' in [[herbstlich]]en [[Farbe]]n","Dülmen, Göversheide -- 2015 -- 7718-22.jpg|thumb|1|''Wald'' in [[Nordrhein-Westfalen]]","",""
1157,5783,Schwein,n,Schwein,Schweine,Schweins,Schweine,Schwein,Schweinen,Schwein,Schweine,"Sow with piglet.jpg|mini|1|[[weiblich]]es Schwein ([[Sau]] mit [[Ferkel]])","","","",""
1201,5474,Freude,f,Freude,Freuden,Freude,Freuden,Freude,Freuden,Freude,Freuden,"","","","",""
1288,5086,Kleid,n,Kleid,Kleider,Kleides,Kleider,Kleid,Kleidern,Kleid,Kleider,"Long evening dress.jpg|mini|1|Ein schwarzes ''Kleid''","","","",""
1341,4804,See,m,See,Seen,Sees,Seen,See,Seen,See,Seen,"","Ecuador cajas national park.jpg|miniatur|1|ein ''See'' in den [[Berg]]en","A view of Tenaya Lake 4458.ogv|miniatur|1|ein [[Blick]] über einen ''See''","",""
1341,4804,See,f,See,Seen,See,Seen,See,Seen,See,Seen,"Infanta Elena (P-76) 060604-N-8547M-003.jpg|thumb|1|die [[spanisch]]e [[Korvette]] Infanta Elena (P-76) auf ''See''","","","",""
1342,4803,Schloss,n,Schloss,"Schlösser",Schlosses,"Schlösser",Schloss,"Schlössern",Schloss,"Schlösser","","Disc tumbler unlocked.png|mini|1|Schnittzeichnung: ''Schloss'' mit Schlüssel","Castle Neuschwanstein.jpg|mini|2|ein berühmtes ''Schloss'' in Bayern","Nuculidae_hinge.jpg|mini|5|''Schloss'' einer Nussmuschel",""
1350,4771,Angebot,n,Angebot,Angebote,Angebots,Angebote,Angebot,Angeboten,Angebot,Angebote,"Sikasso marche tomat 2008.jpg|thumb|7|''Angebot'' von [[Tomate]]n auf einem [[Markt]] in [[Sikasso]], [[Mali]]","","","",""
1469,4302,Sommer,m,Sommer,Sommer,Sommers,Sommer,Sommer,Sommern,Sommer,Sommer,"Jahreszeiten99_DE2.jpg|mini|1|[[Nordsommer|Nord''sommer'']] vom 21. Juni bis 23. September, [[Südsommer|Süd''sommer'']] vom 21. Dezember bis 21. März","","","",""
1492,4227,Baum,m,Baum,"Bäume",Baums,"Bäume",Baum,"Bäumen",Baum,"Bäume","","Yanagi.jpg|mini|1|[[Weidenbaum|Weiden''baum'']]","Juletræet.jpg|mini|4|Geschmückter Weihnachts''baum''","Entscheidungsbaum_Ziegenproblem.svg|mini|3|Entscheidungs''baum'' für das [[Ziegenproblem]]",""
1501,4206,Fisch,m,Fisch,Fische,Fischs,Fische,Fisch,Fischen,Fisch,Fische,"","Oncorhynchus mykiss mid res 150dpi.jpg|210px|1|ein ''Fisch''","Pisces constellation map.png|210px|3|Sternbild der ''Fische''","",""
1520,4138,Stein,m,Stein,Steine,Steins,Steine,Stein,Steinen,Stein,Steine,"","Beach Stones 2.jpg|mini|2|''Steine'' von einem [[Strand]]","Stapel bakstenen - Pile of bricks 2005 Fruggo.jpg|mini|3|Stapel von ''Steinen''","Diamants (Vénézuéla, République d'Afrique du Sud).jpg|mini|4|Rohkristalle die zu einem ''Stein'' geschliffen werden","Entrance_Stone_to_Rokkosan_Pasture.jpg|mini|7|''Stein'' am Rokkosan Pasture"
1589,3889,"Großvater",m,"Großvater","Großväter","Großvaters","Großväter","Großvater","Großvätern","Großvater","Großväter","","","","",""
1685,3606,Sprache,f,Sprache,Sprachen,Sprache,Sprachen,Sprache,Sprachen,Sprache,Sprachen,"","","","",""
1746,3443,Test,m,Test,Tests,Testes,Tests,Test,Tests,Test,Tests,"","","","",""
1754,3431,Programm,n,Programm,Programme,Programms,Programme,Programm,Programmen,Programm,Programme,"Inkscapepiom2.png|mini|1|Computer''programm''","","","",""
1759,3416,Schatten,m,Schatten,Schatten,Schattens,Schatten,Schatten,Schatten,Schatten,Schatten,"","Shadow of Fuji 1974.jpg|thumb|1|der [[W:Fuji|Fuji]] [[werfen|wirft]] einen ''Schatten'' auf der [[Wolkendecke]] [[über]] [[Japan]]","Pogled kon Matka i nebo.jpg|thumb|1|diese [[Schlucht]] [[liegen|liegt]] im ''Schatten''","",""
1798,3334,Million,f,Million,Millionen,Million,Millionen,Million,Millionen,Million,Millionen,"","","","",""
1877,3145,Flughafen,m,Flughafen,"Flughäfen",Flughafens,"Flughäfen",Flughafen,"Flughäfen",Flughafen,"Flughäfen","AirportFrankfurt terminal1.jpg|mini|1|Terminal 1 des Flughafens Frankfurt am Main","","","",""
1904,3088,Freitag,m,Freitag,Freitage,Freitags,Freitage,Freitag,Freitagen,Freitag,Freitage,"","","","",""
1914,3076,Kohle,f,Kohle,Kohlen,Kohle,Kohlen,Kohle,Kohlen,Kohle,Kohlen,"","Coal.jpg|thumb|1|''Kohle''","Andrew Walton 2017 (Unsplash).jpg|thumb|1|''Kohle'' [[erzeugen|erzeugt]] [[groß]]e [[Hitze]] beim [[verbrennen|Verbrennen]].","Flickr - Nic's events - London - 14-15 Dec 2007 - 034.jpg|thumb|2|ein Haufen ''Kohle''",""
1922,3065,Sonntag,m,Sonntag,Sonntage,Sonntags,Sonntage,Sonntag,Sonntagen,Sonntag,Sonntage,"","","","",""
1984,2933,Ross,n,Ross,Rosse,Rosses,Rosse,Ross,Rossen,Ross,Rosse,"","Garant.jpg|mini|1|ein ''Ross''","Zwei_Percheron.JPG|mini|2|zwei ''Rösser''","Chess_piece_-_White_knight.JPG|mini|3|ein weißes ''Ross''",""
1986,2931,Berg,m,Berg,Berge,Bergs,Berge,Berg,Bergen,Berg,Berge,"Mountains (faroe islands).jpg|mini|1|ein ''Berg''","","","",""
2055,2802,Montag,m,Montag,Montage,Montags,Montage,Montag,Montagen,Montag,Montage,"","","","",""
2065,2782,Brot,n,Brot,Brote,Brots,Brote,Brot,Broten,Brot,Brote,"Various grains.jpg|mini|3|Ein aufgeschnittenes ''Brot.''","","","",""
2074,2769,Wetter,n,Wetter,Wetter,Wetters,Wetter,Wetter,Wettern,Wetter,Wetter,"Colour Explosion.jpg|mini|1|Teilweise bewölktes ''Wetter''","","","",""
2074,2769,Wetter,m,Wetter,Wetter,Wetters,Wetter,Wetter,Wettern,Wetter,Wetter,"","","","",""
2149,2657,Samstag,m,Samstag,Samstage,Samstags,Samstage,Samstag,Samstagen,Samstag,Samstage,"","","","",""
2208,2575,Zelle,f,Zelle,Zellen,Zelle,Zellen,Zelle,Zellen,Zelle,Zellen,"","Bryum capillare leaf cells.jpg|mini|1|''Zellen'' eines Moosblattes","CB1cell.jpg|mini|2|''Zelle'' in einem Gefängnis","",""
2287,2466,Kuh,f,Kuh,"Kühe",Kuh,"Kühe",Kuh,"Kühen",Kuh,"Kühe","Bryn Celli Ddu - Umgebung 1 Kühe.jpg|mini|1|eine ''Kuh'' mit Kalb","","","",""
2319,2414,Quelle,f,Quelle,Quellen,Quelle,Quellen,Quelle,Quellen,Quelle,Quellen,"Königsbrünnchen.jpg|mini|1|künstlich gestaltete ''Quelle''","","","",""
2330,2400,April,m,April,Aprile,April,Aprile,April,Aprilen,April,Aprile,"","","","",""
2417,2269,Schrank,m,Schrank,"Schränke",Schranks,"Schränke",Schrank,"Schränken",Schrank,"Schränke",Schrank2.jpg|200px|1|Schrank,"","","",""
2605,2060,Hammer,m,Hammer,"Hämmer",Hammers,"Hämmer",Hammer,"Hämmern",Hammer,"Hämmer","Hammer tapissier.jpg|250px|1|ein Schlosser''Hammer''","","","",""
2605,2060,Hammer,m,Hammer,Hammer,Hammers,Hammer,Hammer,Hammern,Hammer,Hammer,"","","","",""
2610,2057,Tasse,f,Tasse,Tassen,Tasse,Tassen,Tasse,Tassen,Tasse,Tassen,"","Tea_cup_Syntes.jpg|210px|1|eine mit einem Heißgetränk gefüllte ''Tasse''","A_small_cup_of_coffee.JPG|210px|2|eine ''Tasse'' [[Kaffee]]","Tasse_Gr_99.jpg|210px|3|eine ''Tasse''",""
2736,1946,Applaus,m,Applaus,Applause,Applaus,Applause,Applaus,Applausen,Applaus,Applause,"","","","",""
2793,1905,Gelb,n,Gelb,Gelb,Gelb,Gelb,Gelb,Gelb,Gelb,Gelb,"","Zeichen_306_-_Vorfahrtstraße,_StVO_1970.svg|200px|1|ein Verkehrszeichen mit Gelbanteilen","Andwil Oberarnegg Briefkasten.jpg|200px|1|Gelb ist die Farbe vieler Postbetriebe, hier ein Schweizer Briefkasten","",""
2840,1871,Donnerstag,m,Donnerstag,Donnerstage,Donnerstags,Donnerstage,Donnerstag,Donnerstagen,Donnerstag,Donnerstage,"","","","",""
2854,1859,Dienstag,m,Dienstag,Dienstage,Dienstags,Dienstage,Dienstag,Dienstagen,Dienstag,Dienstage,"","","","",""
2971,1758,Figur,f,Figur,Figuren,Figur,Figuren,Figur,Figuren,Figur,Figuren,"","Fig5Femme normale sans corset.jpg|thumb|1|die [[toll]]e ''Figur'' einer [[Frau]]","Lightining McQueen.JPG|thumb|2, 3|Disney [[erfinden|erfand]] die ''Figur'' des Lightning McQueen für seine [[Film]]e. Im [[Kinderzimmer]] wird mit der ''Figur'' [[spielen|gespielt]]","Chess Afternoon.jpg|thumb|5|''Figuren'' auf einem [[Schachbrett]]",""
2998,1729,Rauch,m,Rauch,Rauche,Rauchs,Rauche,Rauch,Rauchen,Rauch,Rauche,"Malibu Fire October 2007 (1).jpg|220px|1|''Rauch'' über einem Waldbrand","","","",""
3031,1706,Mai,m,Mai,Maie,Mai,Maie,Mai,Maien,Mai,Maie,"","","","",""
3299,1529,Juli,m,Juli,Julis,Juli,Julis,Juli,Julis,Juli,Julis,"","","","",""
3420,1463,Friedhof,m,Friedhof,"Friedhöfe",Friedhofs,"Friedhöfe",Friedhof,"Friedhöfen",Friedhof,"Friedhöfe","","Friedhof Dorgem.jpg|mini|1|Dorotheenstädtischer ''Friedhof'' II, [[Berlin]]","Adass-Jisroel-Friedhof in Berlin 16.JPG|mini|1|ein [[jüdisch]]er ''Friedhof'' in [[Berlin]]","Cementerio de la salitrera Rica Aventura, María Elena, Chile, 2016-02-11, DD 128.JPG|mini|1|''Friedhof'' in [[Chile]]",""
3587,1380,Paket,n,Paket,Pakete,Paketes,Pakete,Paket,Paketen,Paket,Pakete,"","","","",""
3593,1378,September,m,September,September,September,September,September,Septembern,September,September,"","","","",""
3678,1335,Juni,m,Juni,Junis,Juni,Junis,Juni,Junis,Juni,Junis,"","","","",""
3686,1332,Mittwoch,m,Mittwoch,Mittwoche,Mittwochs,Mittwoche,Mittwoch,Mittwochen,Mittwoch,Mittwoche,"","","","",""
3702,1324,Salz,n,Salz,Salze,Salzes,Salze,Salz,Salzen,Salz,Salze,"Fleur de sel2.jpg|mini|1|''Salz''","","","",""
3796,1279,Mars,m,Mars,"",Mars,"",Mars,"",Mars,"","","Mars Valles Marineris.jpeg|mini|2|Planet Mars","Mars rocks.jpg|mini|2|Die steinige Mars-Oberfläche","",""
3796,1279,Mars,fm,Mars,Marse,"",Marse,Mars,Marsen,Mars,Marse,"","","","",""
3797,1278,Maus,f,Maus,"Mäuse",Maus,"Mäuse",Maus,"Mäusen",Maus,"Mäuse","","","","",""
3800,1277,Daumen,m,Daumen,Daumen,Daumens,Daumen,Daumen,Daumen,Daumen,Daumen,"Thumbs_up.jpg|200px|1|Der ''Daumen''","","","",""
3859,1246,Rand,m,Rand,"Ränder",Rands,"Ränder",Rand,"Rändern",Rand,"Ränder","","","","",""
3859,1246,Rand,m,Rand,Rand,Rands,Rand,Rand,Rand,Rand,Rand,"","","","",""
3971,1196,Bahn,f,Bahn,Bahnen,Bahn,Bahnen,Bahn,Bahnen,Bahn,Bahnen,"SHexpress004.JPG|mini|5|die ''Bahn'' (hier: [[Zug]] im [[Bahnhof]])","","","",""
4059,1163,Oktober,m,Oktober,Oktober,Oktober,Oktober,Oktober,Oktobern,Oktober,Oktober,"","","","",""
4082,1153,Japaner,m,Japaner,Japaner,Japaners,Japaner,Japaner,Japanern,Japaner,Japaner,"","","","",""
4125,1137,"Frühling",m,"Frühling","Frühlinge","Frühlings","Frühlinge","Frühling","Frühlingen","Frühling","Frühlinge","","Jahreszeiten99_DE2.jpg|300px|1|[[Nordfrühling]] vom 21. März bis 21. Juni, [[Südfrühling]] vom 23. September bis 21. Dezember","Frühlingsallee Tulpenblüte 2010 (1).jpg|300px|1|Im ''Frühling'' [[blühen]] die [[Blume]]n und [[Baum|Bäume]]","",""
4169,1121,Eigentum,n,Eigentum,Eigentume,Eigentums,Eigentume,Eigentum,Eigentumen,Eigentum,Eigentume,"","","","",""
4406,1041,Fuchs,m,Fuchs,"Füchse",Fuchses,"Füchse",Fuchs,"Füchsen",Fuchs,"Füchse","","Vulpes vulpes laying in snow.jpg|mini|1|Ein schlafender ''Fuchs''","Kleiner Fuchs (Nymphalis urticae).jpg|mini|6|Tagfalter „Kleiner Fuchs”","",""
4415,1038,Dezember,m,Dezember,Dezember,Dezembers,Dezember,Dezember,Dezembern,Dezember,Dezember,"","","","",""
4520,1002,Apfel,m,Apfel,"Äpfel",Apfels,"Äpfel",Apfel,"Äpfeln",Apfel,"Äpfel","Fuji apple.jpg|mini|1|Zwei ''Äpfel''","","","",""
4547,994,Hahn,m,Hahn,"Hähne",Hahnes,"Hähne",Hahn,"Hähnen",Hahn,"Hähne","Rooster03.jpg|210px|2|Ein ''Hahn''","","","",""
4553,992,"Grundstück",n,"Grundstück","Grundstücke","Grundstückes","Grundstücke","Grundstück","Grundstücken","Grundstück","Grundstücke","2007-08 Köthen (Anhalt) 05.jpg|mini|1|ein freies ''Grundstück'' in Köthen","","","",""
4561,990,November,m,November,November,Novembers,November,November,Novembern,November,November,"","","","",""
4590,984,Schach,n,Schach,Schachs,Schachs,Schachs,Schach,Schachs,Schach,Schachs,"","","","",""
4627,974,"März",m,"März","Märze","März","Märze","März","Märzen","März","Märze","","","","",""
4662,964,Schweiz,f,Schweiz,Schweizen,Schweiz,Schweizen,Schweiz,Schweizen,Schweiz,Schweizen,"","Flag of Switzerland.svg|mini|1|''Schweizer'' Fahne","LocationSwitzerland.png|mini|1|Lage der ''Schweiz'' in Europa","",""
4673,960,Herbst,m,Herbst,Herbste,Herbsts,Herbste,Herbst,Herbsten,Herbst,Herbste,"","Jahreszeiten99_DE2.jpg|300px|1|[[Nordherbst]] vom 23. September bis 21. Dezember, [[Südherbst]] vom 21. März bis 21. Juni","WebsterNH CongregationalChurch.jpg|300px|1|ein [[schön]]er [[Tag]] im ''Herbst''","",""
4730,946,Umschlag,m,Umschlag,"Umschläge",Umschlags,"Umschläge",Umschlag,"Umschlägen",Umschlag,"Umschläge","","Envelop.jpg|200px|1|2 offene ''Umschläge''","Bundesarchiv Bild 183-1985-0430-006, Rostock, Überseehafen, Containerumschlagplatz, Ro-Ro-Umschlag, Warnow-Kai.jpg|thumb|3|Containerumschlagplatz für den ''Umschlag'' von Waren","1940 Thomas Mann Die vertauschten Köpfe Orig.-Umschlag.jpg|thumb|5|''Umschlag'' eines Buches von Thomas Mann",""
4807,926,Ufer,n,Ufer,Ufer,Ufers,Ufer,Ufer,Ufern,Ufer,Ufer,"Giannutri coast.jpg|mini|1|''Ufer'' der italienischen Insel Giannutri","","","",""
4877,910,Burg,f,Burg,Burgen,Burg,Burgen,Burg,Burgen,Burg,Burgen,"","Chateau_Chillion.jpg|250px|1|eine ''Burg,'' Schloss Chillon, [[Wasserburg]] in der Schweiz","Pinnower-See-(Landkreis-Parchim)-Biberburg-22-04-2009-119b.jpg|thumb|2| eine ''Burg'' eines Bibers","Bundesarchiv Bild 183-15310-0002, Ahlbeck, Strandburgen-Wettbewerb.jpg|thumb|3|eine ''Burg'' am Strand","Beach castle.jpg|thumb|3|eine ''Burg'' aus Sand"
4914,898,Januar,m,Januar,Januare,Januars,Januare,Januar,Januaren,Januar,Januare,"","","","",""
5279,817,Februar,m,Februar,Februare,Februar,Februare,Februar,Februaren,Februar,Februare,"","","","",""
5281,817,Muschi,f,Muschi,Muschis,Muschi,Muschis,Muschi,Muschis,Muschi,Muschis,"","","","",""
5466,782,"Löwe",m,"Löwe","Löwen","Löwen","Löwen","Löwen","Löwen","Löwen","Löwen","","Lion2010.jpg|mini|1|''Löwe'' mit [[besonders]] [[ausgeprägt]]er [[Mähne]]","DEU Rheinfelden COA.svg|mini|2|''Löwe'' im Wappen von Rheinfelden","Leo.svg|mini|3|[[Symbol]] [[das#Artikel|des]] [[Tierkreiszeichens]] ''Löwe''","Leo constellation map.png|mini|4|das [[Sternbild]] des ''Löwen''"
5499,776,Feuerwehr,f,Feuerwehr,Feuerwehren,Feuerwehr,Feuerwehren,Feuerwehr,Feuerwehren,Feuerwehr,Feuerwehren,"","Feuerwehreinsatzübung.JPG|mini|1|''Feuerwehr'' im Einsatz","ISO 7010 F006.svg|mini|2|Hinweis auf Notruf ''Feuerwehr''","",""
5537,770,Maler,m,Maler,Maler,Malers,Maler,Maler,Malern,Maler,Maler,"Adriaen van Ostade 006.jpg|250px|1|''Maler'' an der Staffelei","","","",""
5689,742,Keks,mn,Keks,Kekse,"",Kekse,Keks,Keksen,Keks,Kekse,"Fourrékoeken.jpg|280px|1|ein Teller mit ''Keksen''","","","",""
6276,648,Notiz,f,Notiz,Notizen,Notiz,Notizen,Notiz,Notizen,Notiz,Notizen,"","","","",""
6287,646,Geschlecht,n,Geschlecht,Geschlechter,Geschlechts,Geschlechter,Geschlecht,Geschlechtern,Geschlecht,Geschlechter,"","Symbol mars.svg|100px|1|Mars-Symbol für das männliche Geschlecht","Symbol venus.svg|75px|1|Venus-Symbol für das weibliche Geschlecht","",""
6468,617,Maulwurf,m,Maulwurf,"Maulwürfe",Maulwurfs,"Maulwürfe",Maulwurf,"Maulwürfen",Maulwurf,"Maulwürfe","Talpa europaea MHNT.jpg|mini|1|ein ''Maulwurf''","","","",""
6491,615,Software,f,Software,Softwares,Software,Softwares,Software,Softwares,Software,Softwares,"OpenOffice.org 2.0 Writer (es).jpg|mini|1|Benutzeroberfläche einer ''Software'' am Monitor","","","",""
6523,611,Bildung,f,Bildung,Bildungen,Bildung,Bildungen,Bildung,Bildungen,Bildung,Bildungen,"","","","",""
6523,611,Bildung,f,Bildung,"",Bildung,"",Bildung,"",Bildung,"","Class Room.jpeg|thumb|2|ein [[Klassenraum]], in dem ''Bildung'' im [[Frontalunterricht]] [[vermitteln|vermittelt]] wird","","","",""
6603,600,Chemie,f,Chemie,Chemien,Chemie,Chemien,Chemie,Chemien,Chemie,Chemien,"","","","",""
6645,594,Note,f,Note,Noten,Note,Noten,Note,Noten,Note,Noten,"","Laßt ihr buntbemützten Scharen.PNG|mini|1|''Noten'' aus dem Musikstück „Lasst, ihr buntbemützten Scharen“","US Silvercert1.jpg|mini|4|eine Bank''note''","",""
6747,582,Taschentuch,n,Taschentuch,"Taschentücher",Taschentuches,"Taschentücher",Taschentuch,"Taschentüchern",Taschentuch,"Taschentücher","","Chustka do nosa1.jpg|220px|1|zwei ''Taschentücher'' aus Stoff für Damen","Taschentuch.JPG|220px|1|''Taschentücher'' aus Zellstoff","",""
6824,573,Gewitter,n,Gewitter,Gewitter,Gewitters,Gewitter,Gewitter,Gewittern,Gewitter,Gewitter,"Wide lightning.jpg|mini|1|Blitz in einem ''Gewitter''","","","",""
6987,554,Schlamm,m,Schlamm,"Schlämme",Schlamms,"Schlämme",Schlamm,"Schlämmen",Schlamm,"Schlämme","First Rain (228226305).jpg|mini|1|mit ''Schlamm'' beschmiertes Kind","","","",""
7100,543,Mathematik,f,Mathematik,"",Mathematik,"",Mathematik,"",Mathematik,"","","","","",""
7192,534,Rechtsanwalt,m,Rechtsanwalt,"Rechtsanwälte",Rechtsanwaltes,"Rechtsanwälte",Rechtsanwalt,"Rechtsanwälten",Rechtsanwalt,"Rechtsanwälte","","","","",""
7210,532,Eisenbahn,f,Eisenbahn,Eisenbahnen,Eisenbahn,Eisenbahnen,Eisenbahn,Eisenbahnen,Eisenbahn,Eisenbahnen,"GermanDoubledecker.jpg|270px|1|eine ''Eisenbahn'' im Bahnhof","","","",""
7264,527,Bruch,m,Bruch,"Brüche",Bruchs,"Brüche",Bruch,"Brüchen",Bruch,"Brüche","","Tibia_and_fibula_fracture.jpg|mini|2|ein ''Bruch'' des Schienen- und Wadenbeines","3 4 fraction.svg|60px|10|Die Zahl 0,75 als ''Bruch'' ge&amp;shy;schrie&amp;shy;ben","",""
7264,527,Bruch,n,Bruch,"Brüche",Bruchs,"Brüche",Bruch,"Brüchen",Bruch,"Brüche","","","","",""
7270,526,Jahreszeit,f,Jahreszeit,Jahreszeiten,Jahreszeit,Jahreszeiten,Jahreszeit,Jahreszeiten,Jahreszeit,Jahreszeiten,"Jahreszeiten99_DE2.jpg|300px|1|''Jahreszeiten''","","","",""
7756,480,Gabel,f,Gabel,Gabeln,Gabel,Gabeln,Gabel,Gabeln,Gabel,Gabeln,"","Astgabel.jpg|mini|1|''Gabel'', Astgabel","Gabel.jpg|mini|2|''Gabel'', Besteck","USD Fork.jpg|mini|3|vordere ''Gabel'' eines Motorrads","Forklift Truck-tag.svg|mini|9|''Gabeln'' eines Gabelstaplers (7)"
7791,477,Hengst,m,Hengst,Hengste,Hengsts,Hengste,Hengst,Hengsten,Hengst,Hengste,"","Picswiss_JU-17-07.jpg|250px|1|Ein ''Hengst''","","",""
7924,466,Milliarde,f,Milliarde,Milliarden,Milliarde,Milliarden,Milliarde,Milliarden,Milliarde,Milliarden,"","","","",""
7964,462,Ballett,n,Ballett,Ballette,Balletts,Ballette,Ballett,Balletten,Ballett,Ballette,"","Darcey Bussell, curtain call for Theme and Variations.jpg|mini|1|[[Tänzer]] eines [[klassisch]]en ''Balletts''","Michaela DePrince for Teen Vogue.ogv|mini|1|eine [[Tänzerin]] bei ''Ballett''-[[Übung]]en","",""
8020,457,Biene,f,Biene,Bienen,Biene,Bienen,Biene,Bienen,Biene,Bienen,"Bees Collecting Pollen 2004-08-14.jpg|200px|1|Biene","","","",""
8366,429,Zitrone,f,Zitrone,Zitronen,Zitrone,Zitronen,Zitrone,Zitronen,Zitrone,Zitronen,"","Lemon.jpg|mini|1|ganze und aufgeschnittene ''Zitrone''","Lemon_Tree_in_Santa_Clara_California.jpg|mini|2|eine ''Zitrone'' in Kalifornien","",""
8637,409,Adrenalin,n,Adrenalin,"",Adrenalins,"",Adrenalin,"",Adrenalin,"","","","","",""
9208,371,"Aufklärung",f,"Aufklärung","Aufklärungen","Aufklärung","Aufklärungen","Aufklärung","Aufklärungen","Aufklärung","Aufklärungen","","","","",""
9277,367,Abtreibung,f,Abtreibung,Abtreibungen,Abtreibung,Abtreibungen,Abtreibung,Abtreibungen,Abtreibung,Abtreibungen,"","","","",""
9593,349,"Türkei",f,"Türkei","","Türkei","","Türkei","","Türkei","","LocationTurkey2.png|250px|1|die Lage der ''Türkei''","","","",""
9676,345,Biologie,f,Biologie,"",Biologie,"",Biologie,"",Biologie,"","","","","",""
9868,335,Islam,m,Islam,"",Islam,"",Islam,"",Islam,"","","","","",""
10504,306,Leuchtturm,m,Leuchtturm,"Leuchttürme",Leuchtturms,"Leuchttürme",Leuchtturm,"Leuchttürmen",Leuchtturm,"Leuchttürme","AgulhasLighthouse.jpg|275px|1|„Agulhas Lighthouse“ der ''Leuchtturm'' am südlichsten Punkt von [[Afrika]]","","","",""
11032,285,Hypnose,f,Hypnose,Hypnosen,Hypnose,Hypnosen,Hypnose,Hypnosen,Hypnose,Hypnosen,"","","","",""
11436,269,Springer,m,Springer,Springer,Springers,Springer,Springer,Springern,Springer,Springer,"","Dominik Klein jump.jpg|200px|1|Ein Handballer bei einem Sprungwurf","Chess tile nd.png|200px|2|Ein schwarzer ''Springer'' als stilisierte Schachfigur","",""
11452,269,Einhorn,n,Einhorn,"Einhörner",Einhorns,"Einhörner",Einhorn,"Einhörnern",Einhorn,"Einhörner","Unicornis.png|250px|1|Bildnis eines ''Einhorns''","","","",""
12037,249,Kartoffel,f,Kartoffel,Kartoffeln,Kartoffel,Kartoffeln,Kartoffel,Kartoffeln,Kartoffel,Kartoffeln,"","Potato flowers.jpg|mini|1|Blüten der ''Kartoffel''","Potatoes.jpg|mini|2|''Kartoffeln''","",""
12123,247,"Mücke",f,"Mücke","Mücken","Mücke","Mücken","Mücke","Mücken","Mücke","Mücken","Aedes_aegypti_biting_human.jpg|250px|1|''Mücke''","","","",""
12218,244,Arterie,f,Arterie,Arterien,Arterie,Arterien,Arterie,Arterien,Arterie,Arterien,"Circle_of_Willis_en.svg|mini|1| System der ''Arterien''","","","",""
12423,238,"Wörterbuch",n,"Wörterbuch","Wörterbücher","Wörterbuches","Wörterbücher","Wörterbuch","Wörterbüchern","Wörterbuch","Wörterbücher","Latin_dictionary.jpg|mini|1|Lateinisches ''Wörterbuch''","","","",""
12457,237,Gaul,m,Gaul,"Gäule",Gauls,"Gäule",Gaul,"Gäulen",Gaul,"Gäule","","","","",""
12600,232,Sanatorium,n,Sanatorium,Sanatorien,Sanatoriums,Sanatorien,Sanatorium,Sanatorien,Sanatorium,Sanatorien,"","","","",""
13417,211,Schimmel,m,Schimmel,Schimmel,Schimmels,Schimmel,Schimmel,Schimmeln,Schimmel,Schimmel,"ArabMare.jpg|220px|1|Schimmelstute (Fliegenschimmel) mit Fohlen","","","",""
13417,211,Schimmel,m,Schimmel,"",Schimmels,"",Schimmel,"",Schimmel,"","","Verschimmeltes Brot 2008-12-07.JPG|thumb|1|''Schimmel'' auf [[Brot]]","Schimmel-op-tomaat1079.jpg|thumb|1|''Schimmel'' an [[Tomate]]n","",""
13498,209,Stute,f,Stute,Stuten,Stute,Stuten,Stute,Stuten,Stute,Stuten,"","","","",""
13608,206,Aas,n,Aas,Aase,Aases,Aase,Aas,Aasen,Aas,Aase,"Black Vulture.jpg|220px|1,2| ''Aas'' fressender Rabengeier","","","",""
13631,206,Zebra,n,Zebra,Zebras,Zebras,Zebras,Zebra,Zebras,Zebra,Zebras,"","N2_zebra.jpg|thumb|1|Berg''zebra'' (''Equus zebra hartmannae'')","Equus_grevyi_mare_Kenya.jpg|thumb|1|Grevy''zebra'' (''Equus grevyi'')","Zebras_etoscha.jpg|thumb|1|Steppen''zebra'' (''Equus quagga burchellii'')",""
13668,205,"Straßenbahn",f,"Straßenbahn","Straßenbahnen","Straßenbahn","Straßenbahnen","Straßenbahn","Straßenbahnen","Straßenbahn","Straßenbahnen","Karlsruhe Tramway car 180.jpg|250px|1|''Straßenbahn''","","","",""
13981,197,Cabrio,n,Cabrio,Cabrios,Cabrios,Cabrios,Cabrio,Cabrios,Cabrio,Cabrios,"Bmw 3 2004 cabrio.jpg|250px|1|''Cabrio'' der Marke BMW","","","",""
14386,189,Helium,n,Helium,"",Heliums,"",Helium,"",Helium,"","","Electron shell 002 Helium.svg|mini|1|Schematische Darstellung der Elektronenhülle von ''Helium''","Edelgase in Entladungsroehren.jpg|mini|1|Edelgase in Entladungsröhren (von links nach rechts): ''Helium'', [[Neon]], [[Argon]], [[Krypton]] und [[Xenon]]","",""
14465,187,Ader,f,Ader,Adern,Ader,Adern,Ader,Adern,Ader,Adern,"","Testicular artery (bull).jpg|mini|1|Adergeflecht","Yellow_autumn_leaves.jpg|mini|2|Blattadern von herbstlichen Blättern","Poehla erzgaenge.JPG|mini|4|''Adern'' im Gestein",""
16747,150,Fluggesellschaft,f,Fluggesellschaft,Fluggesellschaften,Fluggesellschaft,Fluggesellschaften,Fluggesellschaft,Fluggesellschaften,Fluggesellschaft,Fluggesellschaften,"","","","",""
16802,149,Wasserstoff,m,Wasserstoff,"",Wasserstoffes,"",Wasserstoff,"",Wasserstoff,"","","H-TableImage.png|210px|1|''Wasserstoff'' im Periodensystem","Hydrogen_discharge_tube.jpg|mini|1|''Wasserstoff'' in einer [[Entladungsröhre]]","",""
16992,146,Tastatur,f,Tastatur,Tastaturen,Tastatur,Tastaturen,Tastatur,Tastaturen,Tastatur,Tastaturen,"","Hausstaub auf Tastatur.jpg|mini|1|eine Computertastatur","Klavier Tastatur.jpg|mini|2|eine Klaviertastatur","",""
17687,138,Aal,m,Aal,Aale,Aals,Aale,Aal,Aalen,Aal,Aale,"Anang_u0.gif|210px|1, 2|''Aal'' (gezeichnet)","","","",""
18212,132,Vene,f,Vene,Venen,Vene,Venen,Vene,Venen,Vene,Venen,"Veincrosssection.svg|mini|1|schematischer Querschnitt durch eine ''Vene''","","","",""
19257,121,Wolkenkratzer,m,Wolkenkratzer,Wolkenkratzer,Wolkenkratzers,Wolkenkratzer,Wolkenkratzer,Wolkenkratzern,Wolkenkratzer,Wolkenkratzer,"","View from Imperia Tower Moscow 04-2014 img12.jpg|thumb|1|ein ''Wolkenkratzer'' in [[Moskau]]","Yokohama MinatoMirai21.jpg|thumb|1|[[mehrere]] ''Wolkenkratzer'' in [[Japan]]","",""
19483,119,Storch,m,Storch,"Störche",Storchs,"Störche",Storch,"Störchen",Storch,"Störche","","Weißstorch Walsrode 2014 01.jpg|mini|1|''Storch'' (Ciconia ciconia)","2005-04-03-paradisio_cigogne-blanche-05.jpg|mini|1|''Störche'' (''Ciconia ciconia'') im Nest","Ciconia_ciconia_(Marek_Szczepanek).jpg|mini|1|watender ''Storch'' (''Ciconia ciconia'')","Ciconia_nigra_1_(Marek_Szczepanek).jpg|mini|1|fischender ''Storch'' (''Ciconia nigra'')"
